{
	"credit": "Made with Blockbench",
	"texture_size": [32, 32],
	"textures": {
		"0": "./totem_kazuhira",
		"particle": "./totem_kazuhira"
	},
	"elements": [
		{
			"from": [4.5, 6, 5],
			"to": [11.5, 13, 12],
			"faces": {
				"north": {"uv": [0, 0, 3.5, 3.5], "texture": "#0"},
				"east": {"uv": [0, 4, 3.5, 7.5], "texture": "#0"},
				"south": {"uv": [4, 0, 7.5, 3.5], "texture": "#0"},
				"west": {"uv": [4, 4, 7.5, 7.5], "texture": "#0"},
				"up": {"uv": [3.5, 11.5, 0, 8], "texture": "#0"},
				"down": {"uv": [11.5, 0, 8, 3.5], "texture": "#0"}
			}
		},
		{
			"from": [5.5, 2, 7],
			"to": [10.5, 6, 10],
			"faces": {
				"north": {"uv": [4, 8, 6.5, 10], "texture": "#0"},
				"east": {"uv": [7, 10.5, 8.5, 12.5], "texture": "#0"},
				"south": {"uv": [8, 4, 10.5, 6], "texture": "#0"},
				"west": {"uv": [9, 10.5, 10.5, 12.5], "texture": "#0"},
				"up": {"uv": [10.5, 8, 8, 6.5], "texture": "#0"},
				"down": {"uv": [9.5, 8.5, 7, 10], "texture": "#0"}
			}
		},
		{
			"from": [5.5, 1, 7],
			"to": [10.5, 2, 10],
			"faces": {
				"north": {"uv": [11, 4, 13.5, 4.5], "texture": "#0"},
				"east": {"uv": [11, 7.5, 12.5, 8], "texture": "#0"},
				"south": {"uv": [11, 5, 13.5, 5.5], "texture": "#0"},
				"west": {"uv": [12, 3, 13.5, 3.5], "texture": "#0"},
				"up": {"uv": [12.5, 10, 10, 8.5], "texture": "#0"},
				"down": {"uv": [6.5, 10.5, 4, 12], "texture": "#0"}
			}
		},
		{
			"from": [3.5, 4, 7.5],
			"to": [5.5, 6, 9.5],
			"faces": {
				"north": {"uv": [11, 6, 12, 7], "texture": "#0"},
				"east": {"uv": [11, 10.5, 12, 11.5], "texture": "#0"},
				"south": {"uv": [0, 12, 1, 13], "texture": "#0"},
				"west": {"uv": [12, 0, 13, 1], "texture": "#0"},
				"up": {"uv": [2.5, 13, 1.5, 12], "texture": "#0"},
				"down": {"uv": [13, 1.5, 12, 2.5], "texture": "#0"}
			}
		},
		{
			"from": [10.5, 4, 7.5],
			"to": [12.5, 6, 9.5],
			"faces": {
				"north": {"uv": [6, 13, 7, 14], "texture": "#0"},
				"east": {"uv": [3, 12.5, 4, 13.5], "texture": "#0"},
				"south": {"uv": [4.5, 12.5, 5.5, 13.5], "texture": "#0"},
				"west": {"uv": [12.5, 6, 13.5, 7], "texture": "#0"},
				"up": {"uv": [13.5, 11.5, 12.5, 10.5], "texture": "#0"},
				"down": {"uv": [13.5, 12, 12.5, 13], "texture": "#0"}
			}
		},
		{
			"from": [8.5, 0, 7.5],
			"to": [10.5, 2, 9.5],
			"faces": {
				"north": {"uv": [11, 12, 12, 13], "texture": "#0"},
				"east": {"uv": [7.5, 13, 8.5, 14], "texture": "#0"},
				"south": {"uv": [13, 7.5, 14, 8.5], "texture": "#0"},
				"west": {"uv": [9, 13, 10, 14], "texture": "#0"},
				"up": {"uv": [14, 10, 13, 9], "texture": "#0"},
				"down": {"uv": [1, 13.5, 0, 14.5], "texture": "#0"}
			}
		},
		{
			"from": [5.5, 0, 7.5],
			"to": [7.5, 2, 9.5],
			"faces": {
				"north": {"uv": [13.5, 0, 14.5, 1], "texture": "#0"},
				"east": {"uv": [1.5, 13.5, 2.5, 14.5], "texture": "#0"},
				"south": {"uv": [13.5, 1.5, 14.5, 2.5], "texture": "#0"},
				"west": {"uv": [10.5, 13.5, 11.5, 14.5], "texture": "#0"},
				"up": {"uv": [13, 14.5, 12, 13.5], "texture": "#0"},
				"down": {"uv": [14.5, 13.5, 13.5, 14.5], "texture": "#0"}
			}
		}
	],
	"display": {
		"thirdperson_righthand": {
			"rotation": [178.18, 0, -179.49],
			"translation": [0, 2.75, 0.75],
			"scale": [0.5, 0.5, 0.5]
		},
		"thirdperson_lefthand": {
			"rotation": [178.18, 0, -179.49],
			"translation": [0, 2.75, 0.75],
			"scale": [0.5, 0.5, 0.5]
		},
		"firstperson_righthand": {
			"rotation": [180, 19, 180],
			"translation": [0.25, 3.25, 0],
			"scale": [0.6, 0.6, 0.6]
		},
		"firstperson_lefthand": {
			"rotation": [180, 19, 180],
			"translation": [0.25, 3.25, 0],
			"scale": [0.6, 0.6, 0.6]
		},
		"ground": {
			"translation": [0, 0.75, 0],
			"scale": [0.7, 0.7, 0.7]
		},
		"gui": {
			"rotation": [-154.97, -15.29, -164.23],
			"translation": [0.5, 0.25, 0],
			"scale": [0.8, 0.8, 0.8]
		},
		"head": {
			"translation": [0.25, 14.25, 0]
		},
		"fixed": {
			"rotation": [-90, 0, 0],
			"translation": [0, -1.5, -12.25],
			"scale": [1.6, 1.6, 1.6]
		}
	}
}