{
	"credit": "Made with Blockbench",
	"texture_size": [64, 64],
	"textures": {
		"0": "./big_backpack",
		"particle": "./big_backpack"
	},
	"elements": [
		{
			"from": [1.5, 0, 3],
			"to": [14.5, 21, 12],
			"faces": {
				"north": {"uv": [0, 0, 3.25, 5.25], "texture": "#0"},
				"east": {"uv": [0, 5.5, 2.25, 10.75], "texture": "#0"},
				"south": {"uv": [3.5, 0, 6.75, 5.25], "texture": "#0"},
				"west": {"uv": [2.5, 5.5, 4.75, 10.75], "texture": "#0"},
				"up": {"uv": [11.25, 5.5, 8, 3.25], "texture": "#0"},
				"down": {"uv": [11.25, 5.75, 8, 8], "texture": "#0"}
			}
		},
		{
			"from": [2.5, 0, 1],
			"to": [13.5, 12, 3],
			"faces": {
				"north": {"uv": [5, 5.5, 7.75, 8.5], "texture": "#0"},
				"east": {"uv": [8.75, 12.25, 9.25, 15.25], "texture": "#0"},
				"south": {"uv": [7, 0, 9.75, 3], "texture": "#0"},
				"west": {"uv": [9.5, 12.25, 10, 15.25], "texture": "#0"},
				"up": {"uv": [7.75, 9.25, 5, 8.75], "texture": "#0"},
				"down": {"uv": [15, 12.25, 12.25, 12.75], "texture": "#0"}
			}
		},
		{
			"from": [0.5, 21, 6],
			"to": [15.5, 26, 12],
			"faces": {
				"north": {"uv": [10, 1.75, 13.75, 3], "texture": "#0"},
				"east": {"uv": [11.5, 3.25, 13, 4.5], "texture": "#0"},
				"south": {"uv": [5, 10, 8.75, 11.25], "texture": "#0"},
				"west": {"uv": [4, 11.5, 5.5, 12.75], "texture": "#0"},
				"up": {"uv": [11.75, 9.75, 8, 8.25], "texture": "#0"},
				"down": {"uv": [13.75, 0, 10, 1.5], "texture": "#0"}
			}
		},
		{
			"from": [-1.5, 3, 4],
			"to": [1.5, 11, 11],
			"faces": {
				"north": {"uv": [7, 3.25, 7.75, 5.25], "texture": "#0"},
				"east": {"uv": [9, 10, 10.75, 12], "texture": "#0"},
				"south": {"uv": [12, 7.75, 12.75, 9.75], "texture": "#0"},
				"west": {"uv": [0, 11, 1.75, 13], "texture": "#0"},
				"up": {"uv": [4.75, 14.75, 4, 13], "texture": "#0"},
				"down": {"uv": [13.75, 4.75, 13, 6.5], "texture": "#0"}
			}
		},
		{
			"from": [14.5, 3, 4],
			"to": [17.5, 11, 11],
			"faces": {
				"north": {"uv": [10.25, 12.25, 11, 14.25], "texture": "#0"},
				"east": {"uv": [2, 11, 3.75, 13], "texture": "#0"},
				"south": {"uv": [11.25, 12.25, 12, 14.25], "texture": "#0"},
				"west": {"uv": [11, 10, 12.75, 12], "texture": "#0"},
				"up": {"uv": [5.75, 14.75, 5, 13], "texture": "#0"},
				"down": {"uv": [6.75, 13, 6, 14.75], "texture": "#0"}
			}
		},
		{
			"from": [14.5, 15, 4],
			"to": [16.5, 20, 9],
			"faces": {
				"north": {"uv": [13, 6.75, 13.5, 8], "texture": "#0"},
				"east": {"uv": [11.5, 4.75, 12.75, 6], "texture": "#0"},
				"south": {"uv": [7, 13, 7.5, 14.25], "texture": "#0"},
				"west": {"uv": [5.75, 11.5, 7, 12.75], "texture": "#0"},
				"up": {"uv": [8.25, 14.25, 7.75, 13], "texture": "#0"},
				"down": {"uv": [13.5, 8.25, 13, 9.5], "texture": "#0"}
			}
		},
		{
			"from": [-0.5, 15, 4],
			"to": [1.5, 20, 9],
			"faces": {
				"north": {"uv": [13, 9.75, 13.5, 11], "texture": "#0"},
				"east": {"uv": [11.5, 6.25, 12.75, 7.5], "texture": "#0"},
				"south": {"uv": [12.25, 13, 12.75, 14.25], "texture": "#0"},
				"west": {"uv": [7.25, 11.5, 8.5, 12.75], "texture": "#0"},
				"up": {"uv": [13.5, 14.25, 13, 13], "texture": "#0"},
				"down": {"uv": [0.5, 13.25, 0, 14.5], "texture": "#0"}
			}
		}
	],
	"display": {
		"thirdperson_righthand": {
			"rotation": [-112.97, 0, 180],
			"translation": [-6.5, -9.5, 7.5]
		},
		"thirdperson_lefthand": {
			"rotation": [-112.97, 0, 180],
			"translation": [-5.5, -9.5, 7.5]
		},
		"firstperson_righthand": {
			"translation": [-80, 5.75, 1]
		},
		"firstperson_lefthand": {
			"translation": [-80, 0, 0]
		},
		"ground": {
			"scale": [0.5, 0.5, 0.5]
		},
		"gui": {
			"rotation": [29.25, -143, 0],
			"translation": [0, -1.75, 0],
			"scale": [0.5, 0.5, 0.5]
		},
		"head": {
			"rotation": [-180, 0, -180],
			"translation": [-0.25, -15.25, 7.25]
		},
		"fixed": {
			"translation": [0, 0, -7.25],
			"scale": [2, 2, 2]
		}
	}
}