{
	"credit": "Made with Blockbench",
	"parent": "item/generated",
	"textures": {
		"0": "./AppData/Roaming/.minecraft/resourcepacks/RP_/assets/minecraft/optifine/cit/wapeon/golden_spear",
		"particle": "./AppData/Roaming/.minecraft/resourcepacks/RP_/assets/minecraft/optifine/cit/wapeon/golden_spear"
	},
	"display": {
		"thirdperson_righthand": {
			"rotation": [0, -90, 55],
			"translation": [0, 8, 0.5],
			"scale": [1.7, 1.7, 0.85]
		},
		"thirdperson_lefthand": {
			"rotation": [0, 90, -55],
			"translation": [0, 8, 0.5],
			"scale": [1.7, 1.7, 0.85]
		},
		"firstperson_righthand": {
			"rotation": [0, -90, 25],
			"translation": [1.13, 5, 1.13],
			"scale": [1.36, 1.36, 0.68]
		},
		"firstperson_lefthand": {
			"rotation": [0, 90, -25],
			"translation": [1.13, 5, 1.13],
			"scale": [1.36, 1.36, 0.68]
		},
		"ground": {
			"translation": [0, 4.5, 0],
			"scale": [1, 1, 0.5]
		},
		"gui": {
			"translation": [0.75, 0.5, 0]
		},
		"head": {
			"rotation": [-180, 88, -180],
			"translation": [0, 7.75, -10.25]
		},
		"fixed": {
			"rotation": [-180, 0, -180],
			"translation": [-1.75, 1.75, 0],
			"scale": [1.5, 1.5, 1]
		}
	}
}