{
	"credit": "Made with Blockbench",
	"texture_size": [64, 64],
	"textures": {
		"0": "./demogorgon_head",
		"particle": "./demogorgon_head"
	},
	"elements": [
		{
			"from": [3, 0, 3],
			"to": [13, 10, 13],
			"faces": {
				"north": {"uv": [0, 0, 2.5, 2.5], "texture": "#0"},
				"east": {"uv": [0, 2.75, 2.5, 5.25], "texture": "#0"},
				"south": {"uv": [2.75, 0, 5.25, 2.5], "texture": "#0"},
				"west": {"uv": [2.75, 2.75, 5.25, 5.25], "texture": "#0"},
				"up": {"uv": [2.5, 8, 0, 5.5], "texture": "#0"},
				"down": {"uv": [8, 0, 5.5, 2.5], "texture": "#0"}
			}
		},
		{
			"from": [5, 7, 6],
			"to": [11, 15, 7],
			"rotation": {"angle": -22.5, "axis": "x", "origin": [0, 0, 0]},
			"faces": {
				"north": {"uv": [0, 8.25, 1.5, 10.25], "texture": "#0"},
				"east": {"uv": [1.75, 8.25, 2, 10.25], "texture": "#0"},
				"south": {"uv": [8.25, 0, 9.75, 2], "texture": "#0"},
				"west": {"uv": [2.25, 8.25, 2.5, 10.25], "texture": "#0"},
				"up": {"uv": [11.5, 0.75, 10, 0.5], "texture": "#0"},
				"down": {"uv": [11.5, 1, 10, 1.25], "texture": "#0"}
			}
		},
		{
			"from": [5, 7, 6],
			"to": [11, 15, 7],
			"rotation": {"angle": -22.5, "axis": "x", "origin": [0, 0, 0]},
			"faces": {
				"north": {"uv": [8.75, 4.75, 10.25, 6.75], "texture": "#0"},
				"east": {"uv": [8.75, 7, 9, 9], "texture": "#0"},
				"south": {"uv": [6.75, 8.75, 8.25, 10.75], "texture": "#0"},
				"west": {"uv": [9.25, 7, 9.5, 9], "texture": "#0"},
				"up": {"uv": [11.5, 1.75, 10, 1.5], "texture": "#0"},
				"down": {"uv": [4.25, 10, 2.75, 10.25], "texture": "#0"}
			}
		},
		{
			"from": [9, -3, 1.5],
			"to": [16, 4, 2.5],
			"rotation": {"angle": 22.5, "axis": "x", "origin": [0, 0, 0]},
			"faces": {
				"north": {"uv": [2.75, 5.5, 4.5, 7.25], "texture": "#0"},
				"east": {"uv": [8.5, 9.25, 8.75, 11], "texture": "#0"},
				"south": {"uv": [5.5, 2.75, 7.25, 4.5], "texture": "#0"},
				"west": {"uv": [9, 9.25, 9.25, 11], "texture": "#0"},
				"up": {"uv": [10, 2.5, 8.25, 2.25], "texture": "#0"},
				"down": {"uv": [4.5, 9.5, 2.75, 9.75], "texture": "#0"}
			}
		},
		{
			"from": [0, -3, 1.5],
			"to": [7, 4, 2.5],
			"rotation": {"angle": 22.5, "axis": "x", "origin": [0, 0, 0]},
			"faces": {
				"north": {"uv": [4.75, 5.5, 6.5, 7.25], "texture": "#0"},
				"east": {"uv": [9.5, 2.75, 9.75, 4.5], "texture": "#0"},
				"south": {"uv": [6.75, 4.75, 8.5, 6.5], "texture": "#0"},
				"west": {"uv": [4.75, 9.5, 5, 11.25], "texture": "#0"},
				"up": {"uv": [11.25, 9.5, 9.5, 9.25], "texture": "#0"},
				"down": {"uv": [11.5, 7, 9.75, 7.25], "texture": "#0"}
			}
		},
		{
			"from": [-2.2, 5, 1.2],
			"to": [4.8, 12, 2.2],
			"rotation": {"angle": -22.5, "axis": "y", "origin": [0, 0, 0]},
			"faces": {
				"north": {"uv": [6.75, 6.75, 8.5, 8.5], "texture": "#0"},
				"east": {"uv": [5.25, 9.5, 5.5, 11.25], "texture": "#0"},
				"south": {"uv": [2.75, 7.5, 4.5, 9.25], "texture": "#0"},
				"west": {"uv": [5.75, 9.5, 6, 11.25], "texture": "#0"},
				"up": {"uv": [11.5, 7.75, 9.75, 7.5], "texture": "#0"},
				"down": {"uv": [11.5, 8, 9.75, 8.25], "texture": "#0"}
			}
		},
		{
			"from": [9.9, 5, 7.3],
			"to": [16.9, 12, 8.3],
			"rotation": {"angle": 22.5, "axis": "y", "origin": [0, 0, 0]},
			"faces": {
				"north": {"uv": [7.5, 2.75, 9.25, 4.5], "texture": "#0"},
				"east": {"uv": [6.25, 9.5, 6.5, 11.25], "texture": "#0"},
				"south": {"uv": [4.75, 7.5, 6.5, 9.25], "texture": "#0"},
				"west": {"uv": [9.5, 9.75, 9.75, 11.5], "texture": "#0"},
				"up": {"uv": [11.5, 8.75, 9.75, 8.5], "texture": "#0"},
				"down": {"uv": [11.75, 0, 10, 0.25], "texture": "#0"}
			}
		}
	],
	"display": {
		"thirdperson_righthand": {
			"rotation": [56, 0, 0],
			"translation": [0, 3.25, 4.75],
			"scale": [0.7, 0.7, 0.7]
		},
		"thirdperson_lefthand": {
			"rotation": [56, 0, 0],
			"translation": [0, 3.25, 4.75],
			"scale": [0.7, 0.7, 0.7]
		},
		"firstperson_righthand": {
			"rotation": [-1.25, 0, 0],
			"translation": [3.5, -1, 0]
		},
		"firstperson_lefthand": {
			"rotation": [-1.25, 0, 0],
			"translation": [3.5, -1, 0]
		},
		"ground": {
			"translation": [0, 3.5, 0],
			"scale": [0.7, 0.7, 0.7]
		},
		"gui": {
			"rotation": [-149.81, -35.25, -176.55],
			"translation": [-1.75, 3, 0],
			"scale": [0.7, 0.7, 0.7]
		},
		"head": {
			"translation": [0, 5.25, 0],
			"scale": [1.5, 1.5, 1.5]
		},
		"fixed": {
			"translation": [0, 5.75, 2.75],
			"scale": [2, 2, 2]
		}
	}
}