{
	"credit": "Made with Blockbench",
	"texture_size": [64, 64],
	"textures": {
		"0": "./dustin_cap",
		"particle": "./dustin_cap"
	},
	"elements": [
		{
			"from": [3, 0, 2],
			"to": [13, 0, 14],
			"faces": {
				"north": {"uv": [5.5, 1.5, 8, 1.5], "texture": "#0"},
				"east": {"uv": [5.5, 1.75, 8.5, 1.75], "texture": "#0"},
				"south": {"uv": [5.5, 2, 8, 2], "texture": "#0"},
				"west": {"uv": [5.5, 2.25, 8.5, 2.25], "texture": "#0"},
				"up": {"uv": [2.5, 3, 0, 0], "texture": "#0"},
				"down": {"uv": [5.25, 0, 2.75, 3], "texture": "#0"}
			}
		},
		{
			"from": [4, 0, 6],
			"to": [12, 5, 14],
			"faces": {
				"north": {"uv": [4.5, 3.25, 6.5, 4.5], "texture": "#0"},
				"east": {"uv": [4.5, 4.75, 6.5, 6], "texture": "#0"},
				"south": {"uv": [0, 5.5, 2, 6.75], "texture": "#0"},
				"west": {"uv": [5.5, 0, 7.5, 1.25], "texture": "#0"},
				"up": {"uv": [2, 5.25, 0, 3.25], "texture": "#0"},
				"down": {"uv": [4.25, 3.25, 2.25, 5.25], "texture": "#0"}
			}
		}
	],
	"display": {
		"thirdperson_righthand": {
			"translation": [0, 4.25, 0],
			"scale": [0.7, 0.7, 0.7]
		},
		"thirdperson_lefthand": {
			"translation": [0, 4.25, 0],
			"scale": [0.7, 0.7, 0.7]
		},
		"firstperson_righthand": {
			"translation": [0.5, 5.25, 0],
			"scale": [0.7, 0.7, 0.7]
		},
		"firstperson_lefthand": {
			"translation": [0.5, 5.25, 0],
			"scale": [0.7, 0.7, 0.7]
		},
		"ground": {
			"translation": [0, 1.75, 0],
			"scale": [0.7, 0.7, 0.7]
		},
		"gui": {
			"rotation": [-149.81, -35.25, -176.55],
			"translation": [0.75, 4.5, 0]
		},
		"head": {
			"rotation": [7.25, 0, 0],
			"translation": [0, 16, -2.25],
			"scale": [1.9, 1.9, 1.9]
		},
		"fixed": {
			"rotation": [-90, 0, 0],
			"translation": [0, -2, -16.25],
			"scale": [2, 2, 2]
		}
	}
}