{
	"credit": "Made with Blockbench",
	"textures": {
		"1": "./box",
		"particle": "./box"
	},
	"elements": [
		{
			"name": "box",
			"from": [2, 0, 0],
			"to": [14, 8, 9],
			"faces": {
				"north": {"uv": [0, 5, 3, 7], "texture": "#1"},
				"east": {"uv": [6.5, 0, 8.75, 2], "texture": "#1"},
				"south": {"uv": [3.25, 5, 6.25, 7], "texture": "#1"},
				"west": {"uv": [6.5, 2.25, 8.75, 4.25], "texture": "#1"},
				"up": {"uv": [6.25, 2.25, 3.25, 0], "texture": "#1"},
				"down": {"uv": [6.25, 2.5, 3.25, 4.75], "texture": "#1"}
			}
		},
		{
			"name": "box",
			"from": [1.8, 4.8, -0.2],
			"to": [14.2, 8.2, 9.2],
			"faces": {
				"north": {"uv": [6.5, 4.5, 9.5, 5.25], "texture": "#1"},
				"east": {"uv": [6.5, 6.5, 8.75, 7.25], "texture": "#1"},
				"south": {"uv": [6.5, 5.5, 9.5, 6.25], "texture": "#1"},
				"west": {"uv": [0, 7.25, 2.25, 8], "texture": "#1"},
				"up": {"uv": [3, 2.25, 0, 0], "texture": "#1"},
				"down": {"uv": [3, 2.5, 0, 4.75], "texture": "#1"}
			}
		}
	],
	"display": {
		"thirdperson_righthand": {
			"rotation": [50.77, 1.19, 0.1],
			"translation": [0, 2.5, 8.5]
		},
		"thirdperson_lefthand": {
			"rotation": [65, 0, 0],
			"translation": [-6, 0, 7.5]
		},
		"firstperson_righthand": {
			"rotation": [16.5, -8, 2],
			"translation": [0.5, 3, 0.5]
		},
		"firstperson_lefthand": {
			"rotation": [16, -2.5, 1],
			"translation": [-9.25, 4.5, 2.25]
		},
		"ground": {
			"translation": [0, 2, 2.75],
			"scale": [0.7, 0.7, 0.7]
		},
		"gui": {
			"rotation": [29.25, -41.5, 0],
			"translation": [-1.75, 1.75, 0],
			"scale": [0.9, 0.9, 0.9]
		},
		"head": {
			"translation": [0.25, 6.75, 5.5],
			"scale": [1.5, 1.5, 1.5]
		},
		"fixed": {
			"rotation": [-90, 0, 0],
			"translation": [0, 8, -14.75],
			"scale": [2.3, 2.3, 2.3]
		}
	}
}