{
	"credit": "Made with Blockbench",
	"texture_size": [64, 64],
	"textures": {
		"0": "./paper_stack",
		"particle": "./paper_stack"
	},
	"elements": [
		{
			"from": [6, 0, 2],
			"to": [16, 8, 14],
			"rotation": {"angle": -22.5, "axis": "y", "origin": [0, 0, 0]},
			"faces": {
				"north": {"uv": [6.5, 3.25, 9, 5.25], "texture": "#0"},
				"east": {"uv": [2.5, 5.75, 5.5, 7.75], "texture": "#0"},
				"south": {"uv": [8, 0, 10.5, 2], "texture": "#0"},
				"west": {"uv": [5.75, 5.75, 8.75, 7.75], "texture": "#0"},
				"up": {"uv": [2.5, 3, 0, 0], "texture": "#0"},
				"down": {"uv": [5.25, 0, 2.75, 3], "texture": "#0"}
			}
		},
		{
			"from": [-8, 0, 1],
			"to": [1, 0, 13],
			"rotation": {"angle": 22.5, "axis": "y", "origin": [0, 0, 0]},
			"faces": {
				"north": {"uv": [8, 2.75, 10.25, 2.75], "texture": "#0"},
				"east": {"uv": [8, 3, 11, 3], "texture": "#0"},
				"south": {"uv": [5.75, 8, 8, 8], "texture": "#0"},
				"west": {"uv": [2.5, 8.25, 5.5, 8.25], "texture": "#0"},
				"up": {"uv": [7.75, 3, 5.5, 0], "texture": "#0"},
				"down": {"uv": [2.25, 5.75, 0, 8.75], "texture": "#0"}
			}
		},
		{
			"from": [3, 0, 3],
			"to": [15, 0, 12],
			"rotation": {"angle": 45, "axis": "y", "origin": [0, 0, 0]},
			"faces": {
				"north": {"uv": [6.5, 5.5, 9.5, 5.5], "texture": "#0"},
				"east": {"uv": [8, 2.25, 10.25, 2.25], "texture": "#0"},
				"south": {"uv": [2.5, 8, 5.5, 8], "texture": "#0"},
				"west": {"uv": [8, 2.5, 10.25, 2.5], "texture": "#0"},
				"up": {"uv": [3, 5.5, 0, 3.25], "texture": "#0"},
				"down": {"uv": [6.25, 3.25, 3.25, 5.5], "texture": "#0"}
			}
		}
	],
	"display": {
		"thirdperson_righthand": {
			"rotation": [11.86, -62.66, -13.72],
			"translation": [-2.5, 4.75, -1.25]
		},
		"thirdperson_lefthand": {
			"rotation": [11.86, -62.66, -13.72],
			"translation": [-2.5, 4.75, -1.25]
		},
		"ground": {
			"translation": [0, 5.25, 0]
		},
		"gui": {
			"rotation": [29.25, -143, 0],
			"translation": [-0.5, 1.25, 0],
			"scale": [0.5, 0.5, 0.5]
		},
		"head": {
			"rotation": [0, -50, 0],
			"translation": [-0.5, 14.5, 0.25]
		},
		"fixed": {
			"rotation": [-90, 0, 0],
			"translation": [1.25, -3.75, -15],
			"scale": [2, 2, 2]
		}
	}
}