{
	"credit": "Made with Blockbench",
	"parent": "eggo_waffles",
	"texture_size": [32, 32],
	"textures": {
		"0": "./eggo_waffles",
		"particle": "./eggo_waffles"
	},
	"elements": [
		{
			"from": [1.5, 0, 6],
			"to": [14.5, 8, 11],
			"faces": {
				"north": {"uv": [0, 0, 6.5, 4], "texture": "#0"},
				"east": {"uv": [7, 6, 9.5, 10], "texture": "#0"},
				"south": {"uv": [0, 4.5, 6.5, 8.5], "texture": "#0"},
				"west": {"uv": [0, 9, 2.5, 13], "texture": "#0"},
				"up": {"uv": [13.5, 2.5, 7, 0], "texture": "#0"},
				"down": {"uv": [13.5, 3, 7, 5.5], "texture": "#0"}
			}
		}
	],
	"display": {
		"thirdperson_righthand": {
			"translation": [0.25, 4.75, 1.75],
			"scale": [0.7, 0.7, 0.7]
		},
		"thirdperson_lefthand": {
			"rotation": [-70.35, 88.39, 160.8],
			"translation": [-1, -2, 2.75],
			"scale": [0.7, 0.7, 0.7]
		},
		"firstperson_lefthand": {
			"rotation": [-180, -66.75, 180],
			"translation": [2, 0, 0]
		},
		"ground": {
			"translation": [0, 2.5, 0],
			"scale": [0.7, 0.7, 0.7]
		},
		"gui": {
			"rotation": [20.18, -28.31, -4.12],
			"translation": [0, 2.5, 0],
			"scale": [0.8, 0.8, 0.8]
		},
		"head": {
			"translation": [0, 14, 0]
		},
		"fixed": {
			"translation": [0, 2.5, 0]
		}
	}
}