{
	"credit": "Made with Blockbench",
	"texture_size": [64, 64],
	"textures": {
		"0": "./totem_sh1nakuma",
		"particle": "./totem_sh1nakuma"
	},
	"elements": [
		{
			"from": [4.5, 6, 5],
			"to": [11.5, 13, 12],
			"faces": {
				"north": {"uv": [0, 0, 1.75, 1.75], "texture": "#0"},
				"east": {"uv": [0, 2, 1.75, 3.75], "texture": "#0"},
				"south": {"uv": [2, 0, 3.75, 1.75], "texture": "#0"},
				"west": {"uv": [2, 2, 3.75, 3.75], "texture": "#0"},
				"up": {"uv": [1.75, 5.75, 0, 4], "texture": "#0"},
				"down": {"uv": [5.75, 0, 4, 1.75], "texture": "#0"}
			}
		},
		{
			"from": [5.5, 2, 7],
			"to": [10.5, 6, 10],
			"faces": {
				"north": {"uv": [6, 2, 7.25, 3], "texture": "#0"},
				"east": {"uv": [5.5, 6, 6.25, 7], "texture": "#0"},
				"south": {"uv": [6, 3.25, 7.25, 4.25], "texture": "#0"},
				"west": {"uv": [6.5, 5.5, 7.25, 6.5], "texture": "#0"},
				"up": {"uv": [5.25, 6.75, 4, 6], "texture": "#0"},
				"down": {"uv": [7.25, 4.5, 6, 5.25], "texture": "#0"}
			}
		},
		{
			"from": [3.5, 4, 7.5],
			"to": [5.5, 6, 9.5],
			"faces": {
				"north": {"uv": [6.5, 6.75, 7, 7.25], "texture": "#0"},
				"east": {"uv": [4, 7, 4.5, 7.5], "texture": "#0"},
				"south": {"uv": [4.75, 7, 5.25, 7.5], "texture": "#0"},
				"west": {"uv": [5.5, 7.25, 6, 7.75], "texture": "#0"},
				"up": {"uv": [7.75, 7.25, 7.25, 6.75], "texture": "#0"},
				"down": {"uv": [8, 2, 7.5, 2.5], "texture": "#0"}
			}
		},
		{
			"from": [10.5, 4, 7.5],
			"to": [12.5, 6, 9.5],
			"faces": {
				"north": {"uv": [7.5, 2.75, 8, 3.25], "texture": "#0"},
				"east": {"uv": [7.5, 3.5, 8, 4], "texture": "#0"},
				"south": {"uv": [7.5, 4.25, 8, 4.75], "texture": "#0"},
				"west": {"uv": [7.5, 5, 8, 5.5], "texture": "#0"},
				"up": {"uv": [8, 6.25, 7.5, 5.75], "texture": "#0"},
				"down": {"uv": [6.75, 7.5, 6.25, 8], "texture": "#0"}
			}
		},
		{
			"from": [8.5, 0, 7.5],
			"to": [10.5, 2, 9.5],
			"faces": {
				"north": {"uv": [7, 7.5, 7.5, 8], "texture": "#0"},
				"east": {"uv": [4, 7.75, 4.5, 8.25], "texture": "#0"},
				"south": {"uv": [4.75, 7.75, 5.25, 8.25], "texture": "#0"},
				"west": {"uv": [7.75, 7.5, 8.25, 8], "texture": "#0"},
				"up": {"uv": [0.5, 8.5, 0, 8], "texture": "#0"},
				"down": {"uv": [8.5, 0, 8, 0.5], "texture": "#0"}
			}
		},
		{
			"from": [5.5, 0, 7.5],
			"to": [7.5, 2, 9.5],
			"faces": {
				"north": {"uv": [0.75, 8, 1.25, 8.5], "texture": "#0"},
				"east": {"uv": [8, 0.75, 8.5, 1.25], "texture": "#0"},
				"south": {"uv": [1.5, 8, 2, 8.5], "texture": "#0"},
				"west": {"uv": [2.25, 8, 2.75, 8.5], "texture": "#0"},
				"up": {"uv": [3.5, 8.5, 3, 8], "texture": "#0"},
				"down": {"uv": [6, 8, 5.5, 8.5], "texture": "#0"}
			}
		},
		{
			"from": [4, 9, 10],
			"to": [7, 14, 13],
			"faces": {
				"north": {"uv": [8.75, 0, 9.5, 1.25], "texture": "#0"},
				"east": {"uv": [0, 0, 0.75, 1.25], "texture": "#0"},
				"south": {"uv": [0, 0, 0.75, 1.25], "texture": "#0"},
				"west": {"uv": [0, 0, 0.75, 1.25], "texture": "#0"},
				"up": {"uv": [0, 0, 0.75, 0.75], "texture": "#0"},
				"down": {"uv": [0, 0, 0.75, 0.75], "texture": "#0"}
			}
		},
		{
			"from": [9, 9, 10],
			"to": [12, 14, 13],
			"faces": {
				"north": {"uv": [9, 1.75, 9.75, 3], "texture": "#0"},
				"east": {"uv": [0, 0, 0.75, 1.25], "texture": "#0"},
				"south": {"uv": [0, 0, 0.75, 1.25], "texture": "#0"},
				"west": {"uv": [0, 0, 0.75, 1.25], "texture": "#0"},
				"up": {"uv": [0, 0, 0.75, 0.75], "texture": "#0"},
				"down": {"uv": [0, 0, 0.75, 0.75], "texture": "#0"}
			}
		}
	],
	"display": {
		"thirdperson_righthand": {
			"rotation": [178.18, 0, -179.49],
			"translation": [0, 2.75, 0.75],
			"scale": [0.5, 0.5, 0.5]
		},
		"thirdperson_lefthand": {
			"rotation": [178.18, 0, -179.49],
			"translation": [0, 2.75, 0.75],
			"scale": [0.5, 0.5, 0.5]
		},
		"firstperson_righthand": {
			"rotation": [180, 19, 180],
			"translation": [0.25, 3.25, 0],
			"scale": [0.6, 0.6, 0.6]
		},
		"firstperson_lefthand": {
			"rotation": [180, 19, 180],
			"translation": [0.25, 3.25, 0],
			"scale": [0.6, 0.6, 0.6]
		},
		"ground": {
			"translation": [0, 0.75, 0],
			"scale": [0.7, 0.7, 0.7]
		},
		"gui": {
			"rotation": [-154.97, -15.29, -164.23],
			"translation": [0.5, 0.25, 0],
			"scale": [0.8, 0.8, 0.8]
		},
		"head": {
			"translation": [0.25, 14.25, 0]
		},
		"fixed": {
			"rotation": [-90, 0, 0],
			"translation": [0, -1.5, -12.25],
			"scale": [1.6, 1.6, 1.6]
		}
	}
}