{
	"credit": "Made with Blockbench",
	"texture_size": [32, 32],
	"textures": {
		"2": "./totem_primal_dino",
		"particle": "./totem_primal_dino"
	},
	"elements": [
		{
			"from": [4.5, 6, 5],
			"to": [11.5, 13, 12],
			"faces": {
				"north": {"uv": [3.5, 0, 7, 3.5], "texture": "#2"},
				"east": {"uv": [3.5, 3.5, 7, 7], "texture": "#2"},
				"south": {"uv": [0, 7, 3.5, 10.5], "texture": "#2"},
				"west": {"uv": [7, 0, 10.5, 3.5], "texture": "#2"},
				"up": {"uv": [7, 10.5, 3.5, 7], "texture": "#2"},
				"down": {"uv": [10.5, 3.5, 7, 7], "texture": "#2"}
			}
		},
		{
			"from": [5.5, 2, 7],
			"to": [10.5, 6, 10],
			"faces": {
				"north": {"uv": [7, 7, 9.5, 9], "texture": "#2"},
				"east": {"uv": [9.5, 10, 11, 12], "texture": "#2"},
				"south": {"uv": [7, 9, 9.5, 11], "texture": "#2"},
				"west": {"uv": [0, 10.5, 1.5, 12.5], "texture": "#2"},
				"up": {"uv": [12, 8.5, 9.5, 7], "texture": "#2"},
				"down": {"uv": [12, 8.5, 9.5, 10], "texture": "#2"}
			}
		},
		{
			"from": [5.5, 6.3, 4.1],
			"to": [10.5, 8.3, 4.1],
			"rotation": {"angle": 22.5, "axis": "x", "origin": [0, 0, 0]},
			"faces": {
				"north": {"uv": [1, 6, 3.5, 7], "texture": "#2"},
				"east": {"uv": [14.5, 7, 16, 9], "texture": "#2"},
				"south": {"uv": [1, 6, 3.5, 7], "texture": "#2"},
				"west": {"uv": [14.5, 7, 16, 9], "texture": "#2"},
				"up": {"uv": [16, 10.5, 13.5, 9], "texture": "#2"},
				"down": {"uv": [16, 9, 13.5, 10.5], "texture": "#2"}
			}
		},
		{
			"from": [3.5, 4, 7.5],
			"to": [5.5, 6, 9.5],
			"faces": {
				"north": {"uv": [10.5, 1.5, 11.5, 2.5], "texture": "#2"},
				"east": {"uv": [10.5, 2.5, 11.5, 3.5], "texture": "#2"},
				"south": {"uv": [10.5, 3.5, 11.5, 4.5], "texture": "#2"},
				"west": {"uv": [10.5, 4.5, 11.5, 5.5], "texture": "#2"},
				"up": {"uv": [6, 11.5, 5, 10.5], "texture": "#2"},
				"down": {"uv": [11.5, 5.5, 10.5, 6.5], "texture": "#2"}
			}
		},
		{
			"from": [10.5, 4, 7.5],
			"to": [12.5, 6, 9.5],
			"faces": {
				"north": {"uv": [6, 10.5, 7, 11.5], "texture": "#2"},
				"east": {"uv": [1.5, 11, 2.5, 12], "texture": "#2"},
				"south": {"uv": [2.5, 11, 3.5, 12], "texture": "#2"},
				"west": {"uv": [3.5, 11, 4.5, 12], "texture": "#2"},
				"up": {"uv": [8, 12, 7, 11], "texture": "#2"},
				"down": {"uv": [9, 11, 8, 12], "texture": "#2"}
			}
		},
		{
			"from": [8.5, 0, 7.5],
			"to": [10.5, 2, 9.5],
			"faces": {
				"north": {"uv": [11, 10, 12, 11], "texture": "#2"},
				"east": {"uv": [11, 11, 12, 12], "texture": "#2"},
				"south": {"uv": [11.5, 1.5, 12.5, 2.5], "texture": "#2"},
				"west": {"uv": [11.5, 2.5, 12.5, 3.5], "texture": "#2"},
				"up": {"uv": [12.5, 4.5, 11.5, 3.5], "texture": "#2"},
				"down": {"uv": [5.5, 11.5, 4.5, 12.5], "texture": "#2"}
			}
		},
		{
			"from": [5.5, 0, 7.5],
			"to": [7.5, 2, 9.5],
			"faces": {
				"north": {"uv": [11.5, 4.5, 12.5, 5.5], "texture": "#2"},
				"east": {"uv": [5.5, 11.5, 6.5, 12.5], "texture": "#2"},
				"south": {"uv": [11.5, 5.5, 12.5, 6.5], "texture": "#2"},
				"west": {"uv": [1.5, 12, 2.5, 13], "texture": "#2"},
				"up": {"uv": [3.5, 13, 2.5, 12], "texture": "#2"},
				"down": {"uv": [4.5, 12, 3.5, 13], "texture": "#2"}
			}
		}
	],
	"display": {
		"thirdperson_righthand": {
			"rotation": [178.18, 0, -179.49],
			"translation": [0, 2.75, 0.75],
			"scale": [0.5, 0.5, 0.5]
		},
		"thirdperson_lefthand": {
			"rotation": [178.18, 0, -179.49],
			"translation": [0, 2.75, 0.75],
			"scale": [0.5, 0.5, 0.5]
		},
		"firstperson_righthand": {
			"rotation": [180, 19, 180],
			"translation": [0.25, 3.25, 0],
			"scale": [0.6, 0.6, 0.6]
		},
		"firstperson_lefthand": {
			"rotation": [180, 19, 180],
			"translation": [0.25, 3.25, 0],
			"scale": [0.6, 0.6, 0.6]
		},
		"ground": {
			"translation": [0, 0.75, 0],
			"scale": [0.7, 0.7, 0.7]
		},
		"gui": {
			"rotation": [-154.97, -15.29, -164.23],
			"translation": [0.5, 0.25, 0],
			"scale": [0.8, 0.8, 0.8]
		},
		"head": {
			"translation": [0.25, 14.25, 0]
		},
		"fixed": {
			"rotation": [-90, 0, 0],
			"translation": [0, -1.5, -12.25],
			"scale": [1.6, 1.6, 1.6]
		}
	}
}