{
	"credit": "Made with Blockbench",
	"texture_size": [64, 64],
	"textures": {
		"0": "./dino_skull",
		"particle": "./dino_skull"
	},
	"elements": [
		{
			"from": [3.5, 0, -3],
			"to": [12.5, 3, 19],
			"faces": {
				"north": {"uv": [5.5, 9.5, 7.75, 10.25], "texture": "#0"},
				"east": {"uv": [0, 9.5, 5.5, 10.25], "texture": "#0"},
				"south": {"uv": [0, 10.25, 2.25, 11], "texture": "#0"},
				"west": {"uv": [9.5, 2, 15, 2.75], "texture": "#0"},
				"up": {"uv": [2.25, 5.5, 0, 0], "texture": "#0"},
				"down": {"uv": [4.5, 0, 2.25, 5.5], "texture": "#0"}
			}
		},
		{
			"from": [11.5, 3, -2],
			"to": [11.5, 4, 9],
			"faces": {
				"north": {"uv": [0, 0, 0, 0.25], "texture": "#0"},
				"east": {"uv": [9.5, 4.25, 12.25, 4.5], "texture": "#0"},
				"south": {"uv": [0, 0, 0, 0.25], "texture": "#0"},
				"west": {"uv": [2.25, 10.25, 5, 10.5], "texture": "#0"},
				"up": {"uv": [0, 2.75, 0, 0], "texture": "#0"},
				"down": {"uv": [0, 0, 0, 2.75], "texture": "#0"}
			}
		},
		{
			"from": [4.5, 3, -2],
			"to": [4.5, 4, 9],
			"rotation": {"angle": 0, "axis": "y", "origin": [16, 0, 0]},
			"faces": {
				"north": {"uv": [0, 0, 0, 0.25], "texture": "#0"},
				"east": {"uv": [5, 10.25, 7.75, 10.5], "texture": "#0"},
				"south": {"uv": [0, 0, 0, 0.25], "texture": "#0"},
				"west": {"uv": [10.5, 0, 13.25, 0.25], "texture": "#0"},
				"up": {"uv": [0, 2.75, 0, 0], "texture": "#0"},
				"down": {"uv": [0, 0, 0, 2.75], "texture": "#0"}
			}
		},
		{
			"from": [3, 3.5, 11],
			"to": [13, 13.5, 19],
			"rotation": {"angle": 45, "axis": "x", "origin": [8, 4, 16]},
			"faces": {
				"north": {"uv": [7, 2, 9.5, 4.5], "texture": "#0"},
				"east": {"uv": [7, 4.5, 9, 7], "texture": "#0"},
				"south": {"uv": [3.5, 7, 6, 9.5], "texture": "#0"},
				"west": {"uv": [6, 7, 8, 9.5], "texture": "#0"},
				"up": {"uv": [2.5, 9.5, 0, 7.5], "texture": "#0"},
				"down": {"uv": [10.5, 7, 8, 9], "texture": "#0"}
			}
		},
		{
			"from": [3, 5.5, -3],
			"to": [13, 13.5, 11],
			"rotation": {"angle": 45, "axis": "x", "origin": [8, 4, 16]},
			"faces": {
				"north": {"uv": [9, 4.5, 11.5, 6.5], "texture": "#0"},
				"east": {"uv": [0, 5.5, 3.5, 7.5], "texture": "#0"},
				"south": {"uv": [8, 9, 10.5, 11], "texture": "#0"},
				"west": {"uv": [7, 0, 10.5, 2], "texture": "#0"},
				"up": {"uv": [7, 3.5, 4.5, 0], "texture": "#0"},
				"down": {"uv": [7, 3.5, 4.5, 7], "texture": "#0"}
			}
		},
		{
			"from": [13, 3.5, -3],
			"to": [13, 5.5, 11],
			"rotation": {"angle": 45, "axis": "x", "origin": [8, 4, 16]},
			"faces": {
				"north": {"uv": [0, 0, 0, 0.5], "texture": "#0"},
				"east": {"uv": [9, 6.5, 12.5, 7], "texture": "#0"},
				"south": {"uv": [0, 0, 0, 0.5], "texture": "#0"},
				"west": {"uv": [9.5, 2.75, 13, 3.25], "texture": "#0"},
				"up": {"uv": [0, 3.5, 0, 0], "texture": "#0"},
				"down": {"uv": [0, 0, 0, 3.5], "texture": "#0"}
			}
		},
		{
			"from": [3, 3.5, -3],
			"to": [3, 5.5, 11],
			"rotation": {"angle": 45, "axis": "x", "origin": [8, 4, 16]},
			"faces": {
				"north": {"uv": [0, 0, 0, 0.5], "texture": "#0"},
				"east": {"uv": [9.5, 3.25, 13, 3.75], "texture": "#0"},
				"south": {"uv": [0, 0, 0, 0.5], "texture": "#0"},
				"west": {"uv": [9.5, 3.75, 13, 4.25], "texture": "#0"},
				"up": {"uv": [0, 3.5, 0, 0], "texture": "#0"},
				"down": {"uv": [0, 0, 0, 3.5], "texture": "#0"}
			}
		}
	],
	"display": {
		"thirdperson_righthand": {
			"rotation": [-23.55, 39.53, 98.53],
			"translation": [-5.5, 1, 0],
			"scale": [0.5, 0.5, 0.5]
		},
		"thirdperson_lefthand": {
			"rotation": [-23.75, 0, 0],
			"translation": [0, -1, 1.75],
			"scale": [0.5, 0.5, 0.5]
		},
		"firstperson_righthand": {
			"rotation": [-23.75, 0, 0],
			"translation": [0, 3.25, 0.25],
			"scale": [0.5, 0.5, 0.5]
		},
		"firstperson_lefthand": {
			"rotation": [-23.75, 0, 0],
			"translation": [0, 3.25, 0.25],
			"scale": [0.5, 0.5, 0.5]
		},
		"ground": {
			"translation": [0, 3.25, 0.25],
			"scale": [0.5, 0.5, 0.5]
		},
		"gui": {
			"rotation": [-149.81, -35.25, -176.55],
			"translation": [0.75, -1, 0],
			"scale": [0.5, 0.5, 0.5]
		},
		"head": {
			"rotation": [-20, 0, 0],
			"translation": [0, -1.25, -6],
			"scale": [1.55664, 1.24023, 1.22852]
		},
		"fixed": {
			"rotation": [-90, 0, 0],
			"translation": [0, -0.25, -13.5],
			"scale": [1.76367, 1.70117, 1.77344]
		}
	},
	"groups": [
		{
			"name": "group",
			"origin": [8, 8, 8],
			"color": 0,
			"children": [0, 1, 2, 3, 4, 5, 6]
		}
	]
}