{
	"credit": "Made with Blockbench",
	"texture_size": [64, 64],
	"textures": {
		"0": "./big_vase",
		"particle": "./big_vase"
	},
	"elements": [
		{
			"from": [3, 0, 3],
			"to": [13, 9, 13],
			"faces": {
				"north": {"uv": [2.75, 0, 5.25, 2.25], "texture": "#0"},
				"east": {"uv": [2.75, 2.5, 5.25, 4.75], "texture": "#0"},
				"south": {"uv": [2.75, 5, 5.25, 7.25], "texture": "#0"},
				"west": {"uv": [0, 5.5, 2.5, 7.75], "texture": "#0"},
				"up": {"uv": [2.5, 2.5, 0, 0], "texture": "#0"},
				"down": {"uv": [2.5, 2.75, 0, 5.25], "texture": "#0"}
			}
		},
		{
			"from": [5, 9, 5],
			"to": [11, 14, 11],
			"faces": {
				"north": {"uv": [7.75, 0, 9.25, 1.25], "texture": "#0"},
				"east": {"uv": [7.75, 1.5, 9.25, 2.75], "texture": "#0"},
				"south": {"uv": [7.75, 3, 9.25, 4.25], "texture": "#0"},
				"west": {"uv": [0, 8, 1.5, 9.25], "texture": "#0"},
				"up": {"uv": [7, 6, 5.5, 4.5], "texture": "#0"},
				"down": {"uv": [7, 6.25, 5.5, 7.75], "texture": "#0"}
			}
		},
		{
			"from": [4, 14, 4],
			"to": [12, 16, 12],
			"faces": {
				"north": {"uv": [8.5, 4.5, 10.5, 5], "texture": "#0"},
				"east": {"uv": [8.5, 5.25, 10.5, 5.75], "texture": "#0"},
				"south": {"uv": [8.5, 6, 10.5, 6.5], "texture": "#0"},
				"west": {"uv": [8.5, 6.75, 10.5, 7.25], "texture": "#0"},
				"up": {"uv": [7.5, 2, 5.5, 0], "texture": "#0"},
				"down": {"uv": [7.5, 2.25, 5.5, 4.25], "texture": "#0"}
			}
		},
		{
			"from": [1, 5, 8],
			"to": [5, 13, 8],
			"faces": {
				"north": {"uv": [7.25, 4.5, 8.25, 6.5], "texture": "#0"},
				"east": {"uv": [5.25, 7.5, 5.25, 9.5], "texture": "#0"},
				"south": {"uv": [7.25, 6.75, 8.25, 8.75], "texture": "#0"},
				"west": {"uv": [1.75, 8, 1.75, 10], "texture": "#0"},
				"up": {"uv": [6.5, 8, 5.5, 8], "texture": "#0"},
				"down": {"uv": [6.5, 8.25, 5.5, 8.25], "texture": "#0"}
			}
		},
		{
			"from": [11, 5, 8],
			"to": [15, 13, 8],
			"faces": {
				"north": {"uv": [2.75, 7.5, 3.75, 9.5], "texture": "#0"},
				"east": {"uv": [2, 8, 2, 10], "texture": "#0"},
				"south": {"uv": [4, 7.5, 5, 9.5], "texture": "#0"},
				"west": {"uv": [2.25, 8, 2.25, 10], "texture": "#0"},
				"up": {"uv": [6.5, 8.5, 5.5, 8.5], "texture": "#0"},
				"down": {"uv": [9.5, 7.5, 8.5, 7.5], "texture": "#0"}
			}
		}
	],
	"display": {
		"thirdperson_righthand": {
			"translation": [0, -0.25, -0.5],
			"scale": [0.5, 0.5, 0.5]
		},
		"thirdperson_lefthand": {
			"translation": [0, -0.25, -0.5],
			"scale": [0.5, 0.5, 0.5]
		},
		"firstperson_righthand": {
			"translation": [0, 0.75, 0]
		},
		"firstperson_lefthand": {
			"translation": [0, 0.75, 0]
		},
		"ground": {
			"scale": [0.7, 0.7, 0.7]
		},
		"gui": {
			"rotation": [29.25, -41.5, 0],
			"translation": [0.25, 0.75, 0],
			"scale": [0.7, 0.7, 0.7]
		},
		"head": {
			"translation": [0, 5.5, 0],
			"scale": [1.5, 1.5, 1.5]
		},
		"fixed": {
			"rotation": [-90, 0, 0],
			"translation": [0, 0, -15],
			"scale": [2, 2, 2]
		}
	}
}