{
	"credit": "Made with Blockbench",
	"texture_size": [64, 64],
	"textures": {
		"0": "./vase",
		"particle": "./vase"
	},
	"elements": [
		{
			"from": [3, 0, 3],
			"to": [13, 10, 13],
			"faces": {
				"north": {"uv": [0, 0, 2.5, 2.5], "texture": "#0"},
				"east": {"uv": [0, 2.75, 2.5, 5.25], "texture": "#0"},
				"south": {"uv": [2.75, 0, 5.25, 2.5], "texture": "#0"},
				"west": {"uv": [2.75, 2.75, 5.25, 5.25], "texture": "#0"},
				"up": {"uv": [2.5, 8, 0, 5.5], "texture": "#0"},
				"down": {"uv": [8, 0, 5.5, 2.5], "texture": "#0"}
			}
		},
		{
			"from": [5, 10, 5],
			"to": [11, 12, 11],
			"faces": {
				"north": {"uv": [7.75, 2.75, 9.25, 3.25], "texture": "#0"},
				"east": {"uv": [7.75, 3.5, 9.25, 4], "texture": "#0"},
				"south": {"uv": [7.75, 4.25, 9.25, 4.75], "texture": "#0"},
				"west": {"uv": [0, 8.25, 1.5, 8.75], "texture": "#0"},
				"up": {"uv": [6.5, 7, 5, 5.5], "texture": "#0"},
				"down": {"uv": [8.25, 5, 6.75, 6.5], "texture": "#0"}
			}
		},
		{
			"from": [4, 12, 4],
			"to": [12, 14, 12],
			"faces": {
				"north": {"uv": [6.75, 6.75, 8.75, 7.25], "texture": "#0"},
				"east": {"uv": [5, 7.5, 7, 8], "texture": "#0"},
				"south": {"uv": [7.25, 7.5, 9.25, 8], "texture": "#0"},
				"west": {"uv": [2.75, 7.75, 4.75, 8.25], "texture": "#0"},
				"up": {"uv": [4.75, 7.5, 2.75, 5.5], "texture": "#0"},
				"down": {"uv": [7.5, 2.75, 5.5, 4.75], "texture": "#0"}
			}
		}
	],
	"display": {
		"thirdperson_righthand": {
			"translation": [0, -0.5, -0.5],
			"scale": [0.5, 0.5, 0.5]
		},
		"thirdperson_lefthand": {
			"translation": [0, -0.5, -0.5],
			"scale": [0.5, 0.5, 0.5]
		},
		"ground": {
			"scale": [0.7, 0.7, 0.7]
		},
		"gui": {
			"rotation": [29.25, -41.5, 0],
			"translation": [0, 1, 0],
			"scale": [0.7, 0.7, 0.7]
		},
		"head": {
			"translation": [0, 5.5, 0],
			"scale": [1.5, 1.5, 1.5]
		},
		"fixed": {
			"rotation": [-90, 0, 0],
			"translation": [0, 0, -15],
			"scale": [2, 2, 2]
		}
	}
}