{
	"credit": "Made with Blockbench",
	"texture_size": [64, 64],
	"textures": {
		"1": "./chess_b"
	},
	"elements": [
		{
			"from": [4.5, 0, 4.5],
			"to": [11.5, 3, 11.5],
			"faces": {
				"north": {"uv": [0, 4.75, 1.75, 5.5], "texture": "#1"},
				"east": {"uv": [0, 4.75, 1.75, 5.5], "texture": "#1"},
				"south": {"uv": [0, 4.75, 1.75, 5.5], "texture": "#1"},
				"west": {"uv": [0, 4.75, 1.75, 5.5], "texture": "#1"},
				"up": {"uv": [1.75, 1.75, 0, 0], "texture": "#1"},
				"down": {"uv": [5.25, 0, 3.5, 1.75], "texture": "#1"}
			}
		},
		{
			"from": [4.5, 7, 4.5],
			"to": [11.5, 9, 11.5],
			"faces": {
				"north": {"uv": [0, 3.75, 1.75, 4.25], "texture": "#1"},
				"east": {"uv": [0, 3.75, 1.75, 4.25], "texture": "#1"},
				"south": {"uv": [0, 3.75, 1.75, 4.25], "texture": "#1"},
				"west": {"uv": [0, 3.75, 1.75, 4.25], "texture": "#1"},
				"up": {"uv": [3.5, 1.75, 1.75, 0], "texture": "#1"},
				"down": {"uv": [1.75, 0, 0, 1.75], "texture": "#1"}
			}
		},
		{
			"from": [5.5, 9, 5.5],
			"to": [10.5, 13, 10.5],
			"faces": {
				"north": {"uv": [0.25682, 2.76826, 1.48779, 3.74504], "texture": "#1"},
				"east": {"uv": [0.25, 2.75, 1.5, 3.75], "texture": "#1"},
				"south": {"uv": [0.25, 2.75, 1.5, 3.75], "texture": "#1"},
				"west": {"uv": [0.25, 2.75, 1.5, 3.75], "texture": "#1"},
				"up": {"uv": [7.725, 1.25227, 6.48864, 0], "texture": "#1"},
				"down": {"uv": [6.5, 0, 5.25, 1.25], "texture": "#1"}
			}
		},
		{
			"from": [9.5, 11, 4.5],
			"to": [11.5, 14, 6.5],
			"faces": {
				"north": {"uv": [8.00682, 2.01826, 8.48779, 2.74504], "texture": "#1"},
				"east": {"uv": [8, 2, 8.5, 2.75], "texture": "#1"},
				"south": {"uv": [8, 2, 8.5, 2.75], "texture": "#1"},
				"west": {"uv": [8, 2, 8.5, 2.75], "texture": "#1"},
				"up": {"uv": [7.725, 1.25227, 6.48864, 0], "texture": "#1"},
				"down": {"uv": [6.5, 0, 5.25, 1.25], "texture": "#1"}
			}
		},
		{
			"from": [4.5, 11, 4.5],
			"to": [6.5, 14, 6.5],
			"faces": {
				"north": {"uv": [8.00682, 2.01826, 8.48779, 2.74504], "texture": "#1"},
				"east": {"uv": [8, 2, 8.5, 2.75], "texture": "#1"},
				"south": {"uv": [8, 2, 8.5, 2.75], "texture": "#1"},
				"west": {"uv": [8, 2, 8.5, 2.75], "texture": "#1"},
				"up": {"uv": [7.725, 1.25227, 6.48864, 0], "texture": "#1"},
				"down": {"uv": [6.5, 0, 5.25, 1.25], "texture": "#1"}
			}
		},
		{
			"from": [4.5, 11, 9.5],
			"to": [6.5, 14, 11.5],
			"faces": {
				"north": {"uv": [8.00682, 2.01826, 8.48779, 2.74504], "texture": "#1"},
				"east": {"uv": [8, 2, 8.5, 2.75], "texture": "#1"},
				"south": {"uv": [8, 2, 8.5, 2.75], "texture": "#1"},
				"west": {"uv": [8, 2, 8.5, 2.75], "texture": "#1"},
				"up": {"uv": [7.725, 1.25227, 6.48864, 0], "texture": "#1"},
				"down": {"uv": [6.5, 0, 5.25, 1.25], "texture": "#1"}
			}
		},
		{
			"from": [9.5, 11, 9.5],
			"to": [11.5, 14, 11.5],
			"faces": {
				"north": {"uv": [8.00682, 2.01826, 8.48779, 2.74504], "texture": "#1"},
				"east": {"uv": [8, 2, 8.5, 2.75], "texture": "#1"},
				"south": {"uv": [8, 2, 8.5, 2.75], "texture": "#1"},
				"west": {"uv": [8, 2, 8.5, 2.75], "texture": "#1"},
				"up": {"uv": [7.725, 1.25227, 6.48864, 0], "texture": "#1"},
				"down": {"uv": [6.5, 0, 5.25, 1.25], "texture": "#1"}
			}
		},
		{
			"from": [7, 13, 7],
			"to": [9, 15, 9],
			"faces": {
				"north": {"uv": [5.25682, 1.76826, 5.73779, 2.24504], "texture": "#1"},
				"east": {"uv": [5.25, 1.75, 5.75, 2.25], "texture": "#1"},
				"south": {"uv": [5.25, 1.75, 5.75, 2.25], "texture": "#1"},
				"west": {"uv": [5.25, 1.75, 5.75, 2.25], "texture": "#1"},
				"up": {"uv": [7.725, 1.25227, 6.48864, 0], "texture": "#1"},
				"down": {"uv": [6.5, 0, 5.25, 1.25], "texture": "#1"}
			}
		},
		{
			"from": [6.5, 3, 6.5],
			"to": [9.5, 7, 9.5],
			"faces": {
				"north": {"uv": [7.25, 3.75, 8, 4.75], "texture": "#1"},
				"east": {"uv": [7.25, 3.75, 8, 4.75], "texture": "#1"},
				"south": {"uv": [7.25, 3.75, 8, 4.75], "texture": "#1"},
				"west": {"uv": [7.25, 3.75, 8, 4.75], "texture": "#1"},
				"up": {"uv": [1.5, 11, 0, 9.5], "texture": "#1"},
				"down": {"uv": [3, 10.5, 1.5, 12], "texture": "#1"}
			}
		}
	],
	"display": {
		"thirdperson_righthand": {
			"translation": [0, 3.5, 1.5],
			"scale": [0.5, 0.5, 0.5]
		},
		"thirdperson_lefthand": {
			"translation": [0, 3.5, 1.5],
			"scale": [0.5, 0.5, 0.5]
		},
		"firstperson_righthand": {
			"translation": [0, 4, 0],
			"scale": [0.5, 0.5, 0.5]
		},
		"firstperson_lefthand": {
			"translation": [0, 4, 0],
			"scale": [0.5, 0.5, 0.5]
		},
		"ground": {
			"translation": [0, 4.5, 0],
			"scale": [0.5, 0.5, 0.5]
		},
		"gui": {
			"rotation": [29.25, -143, 0],
			"translation": [0, 1.25, 0],
			"scale": [0.7, 0.7, 0.7]
		},
		"head": {
			"translation": [0, 14.25, 0]
		},
		"fixed": {
			"rotation": [-90, 0, 0],
			"translation": [0, 0, -16],
			"scale": [2, 2, 2]
		}
	}
}