{
	"credit": "Made with Blockbench",
	"texture_size": [64, 64],
	"textures": {
		"1": "./chess_w"
	},
	"elements": [
		{
			"from": [4.5, 0, 4.5],
			"to": [11.5, 3, 11.5],
			"faces": {
				"north": {"uv": [0, 4.75, 1.75, 5.5], "texture": "#1"},
				"east": {"uv": [0, 4.75, 1.75, 5.5], "texture": "#1"},
				"south": {"uv": [0, 4.75, 1.75, 5.5], "texture": "#1"},
				"west": {"uv": [0, 4.75, 1.75, 5.5], "texture": "#1"},
				"up": {"uv": [1.75, 1.75, 0, 0], "texture": "#1"},
				"down": {"uv": [5.25, 0, 3.5, 1.75], "texture": "#1"}
			}
		},
		{
			"from": [5.5, 7, 5.5],
			"to": [10.5, 12, 10.5],
			"faces": {
				"north": {"uv": [11.5, 2.5, 12.75, 3.75], "texture": "#1"},
				"east": {"uv": [7.75, 0, 9, 1.25], "texture": "#1"},
				"south": {"uv": [12.75, 2.5, 11.5, 3.75], "texture": "#1"},
				"west": {"uv": [6.5, 0, 7.75, 1.25], "texture": "#1"},
				"up": {"uv": [7.75, 1.25, 6.5, 0], "texture": "#1"},
				"down": {"uv": [5.25, 0, 3.5, 1.75], "texture": "#1"}
			}
		},
		{
			"from": [10.5, 7, 6.5],
			"to": [12.5, 12, 9.5],
			"faces": {
				"north": {"uv": [11, 2.5, 11.5, 3.75], "texture": "#1"},
				"east": {"uv": [6.5, 0, 7.75, 1.25], "texture": "#1"},
				"south": {"uv": [11.5, 2.5, 11, 3.75], "texture": "#1"},
				"west": {"uv": [6.5, 0, 7.75, 1.25], "texture": "#1"},
				"up": {"uv": [7.75, 1.25, 6.5, 0], "texture": "#1"},
				"down": {"uv": [7.75, 0, 6.5, 1.25], "texture": "#1"}
			}
		},
		{
			"from": [2.5, 7, 6.5],
			"to": [5.5, 12, 9.5],
			"faces": {
				"north": {"uv": [12.75, 2.5, 13.5, 3.5], "texture": "#1"},
				"east": {"uv": [0, 3.75, 1.75, 4.25], "texture": "#1"},
				"south": {"uv": [12.75, 2.5, 13.5, 3.5], "texture": "#1"},
				"west": {"uv": [12.75, 2.5, 13.5, 3.5], "texture": "#1"},
				"up": {"uv": [7.75, 1.25, 6.5, 0], "texture": "#1"},
				"down": {"uv": [7.75, 0, 6.5, 1.25], "texture": "#1"}
			}
		},
		{
			"from": [8, 12, 5.5],
			"to": [10, 14, 7.5],
			"faces": {
				"north": {"uv": [11.75682, 2.01826, 12.23779, 2.49504], "texture": "#1"},
				"east": {"uv": [5.25, 1.75, 5.75, 2.25], "texture": "#1"},
				"south": {"uv": [5.25, 1.75, 5.75, 2.25], "texture": "#1"},
				"west": {"uv": [5.25, 1.75, 5.75, 2.25], "texture": "#1"},
				"up": {"uv": [7.725, 1.25227, 6.48864, 0], "texture": "#1"},
				"down": {"uv": [6.5, 0, 5.25, 1.25], "texture": "#1"}
			}
		},
		{
			"from": [8, 12, 8.5],
			"to": [10, 14, 10.5],
			"faces": {
				"north": {"uv": [11.75682, 2.01826, 12.23779, 2.49504], "texture": "#1"},
				"east": {"uv": [5.25, 1.75, 5.75, 2.25], "texture": "#1"},
				"south": {"uv": [5.25, 1.75, 5.75, 2.25], "texture": "#1"},
				"west": {"uv": [5.25, 1.75, 5.75, 2.25], "texture": "#1"},
				"up": {"uv": [7.725, 1.25227, 6.48864, 0], "texture": "#1"},
				"down": {"uv": [6.5, 0, 5.25, 1.25], "texture": "#1"}
			}
		},
		{
			"from": [5.5, 3, 5.5],
			"to": [10.5, 7, 10.5],
			"faces": {
				"north": {"uv": [11.5, 3.75, 12.75, 4.75], "texture": "#1"},
				"east": {"uv": [12.75, 3.75, 11.5, 4.75], "texture": "#1"},
				"south": {"uv": [11.5, 3.75, 12.75, 4.75], "texture": "#1"},
				"west": {"uv": [11.5, 3.75, 12.75, 4.75], "texture": "#1"},
				"up": {"uv": [1.5, 11, 0, 9.5], "texture": "#1"},
				"down": {"uv": [3, 10.5, 1.5, 12], "texture": "#1"}
			}
		}
	],
	"display": {
		"thirdperson_righthand": {
			"translation": [0, 3.5, 1.5],
			"scale": [0.5, 0.5, 0.5]
		},
		"thirdperson_lefthand": {
			"translation": [0, 3.5, 1.5],
			"scale": [0.5, 0.5, 0.5]
		},
		"firstperson_righthand": {
			"translation": [0, 4, 0],
			"scale": [0.5, 0.5, 0.5]
		},
		"firstperson_lefthand": {
			"translation": [0, 4, 0],
			"scale": [0.5, 0.5, 0.5]
		},
		"ground": {
			"translation": [0, 4.5, 0],
			"scale": [0.5, 0.5, 0.5]
		},
		"gui": {
			"rotation": [29.25, -143, 0],
			"translation": [0.25, 1.25, 0],
			"scale": [0.7, 0.7, 0.7]
		},
		"head": {
			"rotation": [0, -90, 0],
			"translation": [0, 14.25, 0]
		},
		"fixed": {
			"rotation": [-90, -90, 0],
			"translation": [0, 0, -16],
			"scale": [2, 2, 2]
		}
	}
}