{
	"credit": "Made with Blockbench",
	"texture_size": [64, 64],
	"textures": {
		"1": "./chess_w"
	},
	"elements": [
		{
			"from": [4.5, 0, 4.5],
			"to": [11.5, 3, 11.5],
			"faces": {
				"north": {"uv": [0, 4.75, 1.75, 5.5], "texture": "#1"},
				"east": {"uv": [0, 4.75, 1.75, 5.5], "texture": "#1"},
				"south": {"uv": [0, 4.75, 1.75, 5.5], "texture": "#1"},
				"west": {"uv": [0, 4.75, 1.75, 5.5], "texture": "#1"},
				"up": {"uv": [1.75, 1.75, 0, 0], "texture": "#1"},
				"down": {"uv": [5.25, 0, 3.5, 1.75], "texture": "#1"}
			}
		},
		{
			"from": [4.5, 8, 4.5],
			"to": [11.5, 11, 11.5],
			"faces": {
				"north": {"uv": [2.25, 2.75, 4, 3.5], "texture": "#1"},
				"east": {"uv": [2.25, 2.75, 4, 3.5], "texture": "#1"},
				"south": {"uv": [2.25, 2.75, 4, 3.5], "texture": "#1"},
				"west": {"uv": [2.25, 2.75, 4, 3.5], "texture": "#1"},
				"up": {"uv": [3.5, 1.75, 1.75, 0], "texture": "#1"},
				"down": {"uv": [1.75, 0, 0, 1.75], "texture": "#1"}
			}
		},
		{
			"from": [4.5, 11, 4.5],
			"to": [4.5, 12, 11.5],
			"faces": {
				"north": {"uv": [2.25, 2.5, 4, 2.75], "texture": "#1"},
				"east": {"uv": [2.25, 2.5, 4, 2.75], "texture": "#1"},
				"south": {"uv": [2.25, 2.5, 4, 2.75], "texture": "#1"},
				"west": {"uv": [2.25, 2.5, 4, 2.75], "texture": "#1"},
				"up": {"uv": [16, 1.75, 14.25, 0], "texture": "#1"},
				"down": {"uv": [16, 0, 14.25, 1.75], "texture": "#1"}
			}
		},
		{
			"from": [4.5, 11, 4.5],
			"to": [11.5, 12, 4.5],
			"faces": {
				"north": {"uv": [2.25, 2.5, 4, 2.75], "texture": "#1"},
				"east": {"uv": [2.25, 2.5, 4, 2.75], "texture": "#1"},
				"south": {"uv": [2.25, 2.5, 4, 2.75], "texture": "#1"},
				"west": {"uv": [2.25, 2.5, 4, 2.75], "texture": "#1"},
				"up": {"uv": [16, 1.75, 14.25, 0], "texture": "#1"},
				"down": {"uv": [16, 0, 14.25, 1.75], "texture": "#1"}
			}
		},
		{
			"from": [11.5, 11, 4.5],
			"to": [11.5, 12, 11.5],
			"faces": {
				"north": {"uv": [2.25, 2.5, 4, 2.75], "texture": "#1"},
				"east": {"uv": [2.25, 2.5, 4, 2.75], "texture": "#1"},
				"south": {"uv": [2.25, 2.5, 4, 2.75], "texture": "#1"},
				"west": {"uv": [2.25, 2.5, 4, 2.75], "texture": "#1"},
				"up": {"uv": [16, 1.75, 14.25, 0], "texture": "#1"},
				"down": {"uv": [16, 0, 14.25, 1.75], "texture": "#1"}
			}
		},
		{
			"from": [4.5, 11, 11.5],
			"to": [11.5, 12, 11.5],
			"faces": {
				"north": {"uv": [2.25, 2.5, 4, 2.75], "texture": "#1"},
				"east": {"uv": [2.25, 2.5, 4, 2.75], "texture": "#1"},
				"south": {"uv": [2.25, 2.5, 4, 2.75], "texture": "#1"},
				"west": {"uv": [2.25, 2.5, 4, 2.75], "texture": "#1"},
				"up": {"uv": [16, 1.75, 14.25, 0], "texture": "#1"},
				"down": {"uv": [16, 0, 14.25, 1.75], "texture": "#1"}
			}
		},
		{
			"from": [5.5, 3, 5.5],
			"to": [10.5, 8, 10.5],
			"faces": {
				"north": {"uv": [2.5, 3.5, 3.75, 4.75], "texture": "#1"},
				"east": {"uv": [2.5, 3.5, 3.75, 4.75], "texture": "#1"},
				"south": {"uv": [2.5, 3.5, 3.75, 4.75], "texture": "#1"},
				"west": {"uv": [2.5, 3.5, 3.75, 4.75], "texture": "#1"},
				"up": {"uv": [16, 1.5, 14.5, 0], "texture": "#1"},
				"down": {"uv": [16, 0, 14.5, 1.5], "texture": "#1"}
			}
		}
	],
	"display": {
		"thirdperson_righthand": {
			"translation": [0, 3.5, 1.5],
			"scale": [0.5, 0.5, 0.5]
		},
		"thirdperson_lefthand": {
			"translation": [0, 3.5, 1.5],
			"scale": [0.5, 0.5, 0.5]
		},
		"firstperson_righthand": {
			"translation": [0, 4, 0],
			"scale": [0.5, 0.5, 0.5]
		},
		"firstperson_lefthand": {
			"translation": [0, 4, 0],
			"scale": [0.5, 0.5, 0.5]
		},
		"ground": {
			"translation": [0, 4.5, 0],
			"scale": [0.5, 0.5, 0.5]
		},
		"gui": {
			"rotation": [29.25, -143, 0],
			"translation": [0.25, 1.25, 0],
			"scale": [0.7, 0.7, 0.7]
		},
		"head": {
			"translation": [0, 14.25, 0]
		},
		"fixed": {
			"rotation": [-90, 0, 0],
			"translation": [0, 0, -16],
			"scale": [2, 2, 2]
		}
	}
}